{"cameraMode":{"drawMode":0,"name":"Shaded","section":"Shading Mode"},"sceneLighting":true,"audioPlay":false,"sceneViewState":{"showFog":true,"showMaterialUpdate":false,"showSkybox":true,"showFlares":true,"showImageEffects":true,"showParticleSystems":true},"in2DMode":false,"pivot":{"x":70.03265380859375,"y":78.44154357910156,"z":216.9837646484375},"rotation":{"x":0.21424590051174165,"y":-0.2403457909822464,"z":0.05446023866534233,"w":0.9451941251754761},"size":76.16088104248047,"orthographic":true}