{"cameraMode":{"drawMode":0,"name":"Shaded","section":"Shading Mode"},"sceneLighting":false,"audioPlay":false,"sceneViewState":{"showFog":true,"showMaterialUpdate":false,"showSkybox":false,"showFlares":true,"showImageEffects":true,"showParticleSystems":true},"in2DMode":false,"pivot":{"x":0.0013120174407958985,"y":0.3082250952720642,"z":-0.018311917781829835},"rotation":{"x":0.7134296298027039,"y":0.004204257857054472,"z":-0.0042806281708180908,"w":0.7007015943527222},"size":0.4768613874912262,"orthographic":false}