{"cameraMode":{"drawMode":0,"name":"Shaded","section":"Shading Mode"},"sceneLighting":false,"audioPlay":false,"sceneViewState":{"showFog":true,"showMaterialUpdate":false,"showSkybox":false,"showFlares":true,"showImageEffects":true,"showParticleSystems":true},"in2DMode":false,"pivot":{"x":0.46222013235092165,"y":6.801178932189941,"z":-0.2025439739227295},"rotation":{"x":0.3112425208091736,"y":0.00028135059983469546,"z":-0.00009218476770911366,"w":0.9503306150436401},"size":6.926814079284668,"orthographic":false}